"state","district","headquarters","population","area_sqkm","density","code","alt_name"
"Andhra Pradesh","Anantapur","Anantapur",4083315,19130,213,"AP01","Anantapur"
"Andhra Pradesh","Chittoor","Chittoor",4170468,15152,275,"AP02","Chittoor"
"Andhra Pradesh","East Godavari","Kakinada",5151549,10807,477,"AP03","East Godavari"
"Andhra Pradesh","Guntur","Guntur",4889230,11391,429,"AP04","Guntur"
"Andhra Pradesh","YSR","Kadapa",2884524,15359,188,"AP13","YSR"
"Andhra Pradesh","Krishna","Machilipatnam",4529009,8727,519,"AP05","Krishna"
"Andhra Pradesh","Kurnool","Kurnool",4046601,17658,229,"AP06","Kurnool"
"Andhra Pradesh","Prakasam","Ongole",3392764,17626,192,"AP07","Prakasam"
"Andhra Pradesh","Sri Potti Sriramulu Nellore","Nellore",2966082,13076,227,"AP08","Spsr Nellore"
"Andhra Pradesh","Srikakulam","Srikakulam",2699471,5837,462,"AP09","Srikakulam"
"Andhra Pradesh","Visakhapatnam","Visakhapatnam",4288113,11161,384,"AP10","Visakhapatnam"
"Andhra Pradesh","Vizianagaram","Vizianagaram",2342868,6539,358,"AP11","Vizianagaram"
"Andhra Pradesh","West Godavari","Eluru",3934782,7742,490,"AP12","West Godavari"
"Arunachal Pradesh","Anjaw","Hawai",21089,6190,3,"AR01","Anjaw"
"Arunachal Pradesh","Changlang","Changlang",147951,4662,32,"AR02","Changlang"
"Arunachal Pradesh","East Kameng","Seppa",78413,4134,19,"AR03","East Kameng"
"Arunachal Pradesh","East Siang","Pasighat",99019,3603,27,"AR04","East Siang"
"Arunachal Pradesh","Kamle","Raga",22256,200,111,"AR05","Kamle"
"Arunachal Pradesh","Kra Daadi","Jamin",0,0,0,"AR06","Kra Daadi"
"Arunachal Pradesh","Kurung Kumey","Koloriang",89717,6040,15,"AR07","Kurung Kumey"
"Arunachal Pradesh","Lepa Rada","Basar",0,0,0,"AR08","Lepa Rada"
"Arunachal Pradesh","Lohit","Tezu",145538,2402,61,"AR09","Lohit"
"Arunachal Pradesh","Longding","Longding",60000,1200,50,"AR10","Longding"
"Arunachal Pradesh","Lower Dibang Valley","Roing",53986,3900,14,"AR11","Lower Dibang Valley"
"Arunachal Pradesh","Lower Siang","Likabali",0,0,0,"AR12","Lower Siang"
"Arunachal Pradesh","Lower Subansiri","Ziro",82839,3508,24,"AR13","Lower Subansiri"
"Arunachal Pradesh","Namsai","Namsai",95950,1587,60,"AR14","Namsai"
"Arunachal Pradesh","Pakke-Kessang","Lemmi",0,0,0,"AR15","Pakke Kessang"
"Arunachal Pradesh","Papum Pare","Yupia",176385,2875,61,"AR16","Papum Pare"
"Arunachal Pradesh","Shi Yomi","Tato",13310,2875,5,"AR17","Shi Yomi"
"Arunachal Pradesh","Siang","Pangin",31920,2919,11,"AR18","Siang"
"Arunachal Pradesh","Tawang","Tawang",49950,2085,24,"AR19","Tawang"
"Arunachal Pradesh","Tirap","Khonsa",111997,2362,47,"AR20","Tirap"
"Arunachal Pradesh","Upper Dibang Valley","Anini",7948,9129,1,"AR21","Dibang Valley"
"Arunachal Pradesh","Upper Siang","Yingkiong",35289,6188,6,"AR22","Upper Siang"
"Arunachal Pradesh","Upper Subansiri","Daporijo",83205,7032,12,"AR23","Upper Subansiri"
"Arunachal Pradesh","West Kameng","Bomdila",87013,7422,12,"AR24","West Kameng"
"Arunachal Pradesh","West Siang","Along",112272,8325,13,"AR25","West Siang"
"Assam","Baksa","Mushalpur",953773,2008,475,"AS02","Baksa"
"Assam","Bajali","Pathsala",253816,0,0,"AS01","Bajali"
"Assam","Barpeta","Barpeta",1693622,3245,520,"AS03","Barpeta"
"Assam","Bishwanath","Biswanath Chariali",612491,1100,560,"AS04","Biswanath"
"Assam","Bongaigaon","Bongaigaon",732639,1724,425,"AS05","Bongaigaon"
"Assam","Cachar","Silchar",1736319,3786,459,"AS06","Cachar"
"Assam","Charaideo","Sonari",471418,1069,440,"AS07","Charaideo"
"Assam","Chirang","Kajalgaon",481818,1975,244,"AS08","Chirang"
"Assam","Darrang","Mangaldoi",908090,1849,491,"AS09","Darrang"
"Assam","Dhemaji","Dhemaji",688077,3237,213,"AS10","Dhemaji"
"Assam","Dhubri","Dhubri",1948632,2838,687,"AS11","Dhubri"
"Assam","Dibrugarh","Dibrugarh",1327748,3381,393,"AS12","Dibrugarh"
"Assam","Dima Hasao","Haflong",213529,4888,44,"AS13","Dima Hasao"
"Assam","Goalpara","Goalpara",1008959,1824,553,"AS14","Goalpara"
"Assam","Golaghat","Golaghat",1058674,3502,302,"AS15","Golaghat"
"Assam","Hailakandi","Hailakandi",659260,1327,497,"AS16","Hailakandi"
"Assam","Hojai","Hojai",931218,0,0,"AS17","Hojai"
"Assam","Jorhat","Jorhat",1091295,2851,383,"AS18","Jorhat"
"Assam","Kamrup","Amingaon",1517202,3480,436,"AS19","Kamrup"
"Assam","Kamrup Metropolitan","Guwahati",1260419,627,2010,"AS20","Kamrup Metropolitan"
"Assam","Karbi Anglong","Diphu",965280,10434,93,"AS21","Karbi Anglong"
"Assam","Karimganj","Karimganj",1217002,1809,673,"AS22","Karimganj"
"Assam","Kokrajhar","Kokrajhar",886999,3129,283,"AS23","Kokrajhar"
"Assam","Lakhimpur","North Lakhimpur",1040644,2277,457,"AS24","Lakhimpur"
"Assam","Majuli","Garamur",167304,880,300,"AS25","Majuli"
"Assam","Morigaon","Marigaon",957853,1704,562,"AS26","Marigaon"
"Assam","Nagaon","Nagaon",2826006,3831,738,"AS27","Nagaon"
"Assam","Nalbari","Nalbari",769919,1009,763,"AS28","Nalbari"
"Assam","Sivasagar","Sibsagar",1150253,2668,431,"AS29","Sivasagar"
"Assam","South Salmara","Hatsingimari",555114,568,980,"AS31","South Salmara Mancachar"
"Assam","Sonitpur","Tezpur",1925975,5324,362,"AS30","Sonitpur"
"Assam","Tinsukia","Tinsukia",1316948,3790,347,"AS32","Tinsukia"
"Assam","Udalguri","Udalguri",832769,1676,497,"AS33","Udalguri"
"Assam","West Karbi Anglong","Hamren",300320,3035,99,"AS34","West Karbi Anglong"
"Bihar","Araria","Araria",2806200,2829,992,"BR01","Araria"
"Bihar","Arwal","Arwal",700843,638,1098,"BR02","Arwal"
"Bihar","Aurangabad","Aurangabad",2511243,3303,760,"BR03","Aurangabad"
"Bihar","Banka","Banka",2029339,3018,672,"BR04","Banka"
"Bihar","Begusarai","Begusarai",2954367,1917,1540,"BR05","Begusarai"
"Bihar","Bhagalpur","Bhagalpur",3032226,2569,1180,"BR06","Bhagalpur"
"Bihar","Bhojpur","Arrah",2720155,2473,1136,"BR07","Bhojpur"
"Bihar","Buxar","Buxar",1707643,1624,1003,"BR08","Buxar"
"Bihar","Darbhanga","Darbhanga",3921971,2278,1721,"BR09","Darbhanga"
"Bihar","East Champaran","Motihari",5082868,3969,1281,"BR10","Purbi Champaran"
"Bihar","Gaya","Gaya",4379383,4978,880,"BR11","Gaya"
"Bihar","Gopalganj","Gopalganj",2558037,2033,1258,"BR12","Gopalganj"
"Bihar","Jamui","Jamui",1756078,3099,567,"BR13","Jamui"
"Bihar","Jehanabad","Jehanabad",1124176,1569,1206,"BR14","Jehanabad"
"Bihar","Kaimur","Bhabua",1626900,3363,488,"BR15","Kaimur Bhabua"
"Bihar","Katihar","Katihar",3068149,3056,1004,"BR16","Katihar"
"Bihar","Khagaria","Khagaria",1657599,1486,1115,"BR17","Khagaria"
"Bihar","Kishanganj","Kishanganj",1690948,1884,898,"BR18","Kishanganj"
"Bihar","Lakhisarai","Lakhisarai",1000717,1229,815,"BR19","Lakhisarai"
"Bihar","Madhepura","Madhepura",1994618,1787,1116,"BR20","Madhepura"
"Bihar","Madhubani","Madhubani",4476044,3501,1279,"BR21","Madhubani"
"Bihar","Munger","Munger",1359054,1419,958,"BR22","Munger"
"Bihar","Muzaffarpur","Muzaffarpur",4778610,3173,1506,"BR23","Muzaffarpur"
"Bihar","Nalanda","Bihar Sharif",2872523,2354,1220,"BR24","Nalanda"
"Bihar","Nawada","Nawada",2216653,2492,889,"BR25","Nawada"
"Bihar","Patna","Patna",5772804,3202,1803,"BR26","Patna"
"Bihar","Purnia","Purnia",3273127,3228,1014,"BR27","Purnia"
"Bihar","Rohtas","Sasaram",2962593,3850,763,"BR28","Rohtas"
"Bihar","Saharsa","Saharsa",1897102,1702,1125,"BR29","Saharsa"
"Bihar","Samastipur","Samastipur",4254782,2905,1465,"BR30","Samastipur"
"Bihar","Saran","Chhapra",3943098,2641,1493,"BR31","Saran"
"Bihar","Sheikhpura","Sheikhpura",634927,689,922,"BR32","Sheikhpura"
"Bihar","Sheohar","Sheohar",656916,443,1882,"BR33","Sheohar"
"Bihar","Sitamarhi","Sitamarhi",3419622,2199,1491,"BR34","Sitamarhi"
"Bihar","Siwan","Siwan",3318176,2219,1495,"BR35","Siwan"
"Bihar","Supaul","Supaul",2228397,2410,919,"BR36","Supaul"
"Bihar","Vaishali","Hajipur",3495021,2036,1717,"BR37","Vaishali"
"Bihar","West Champaran","Bettiah",3935042,5229,753,"BR38","Pashchim Champaran"
"Chhattisgarh","Balod","Balod",826165,3527,234,"CG01","Balod"
"Chhattisgarh","Baloda Bazar","Baloda Bazar",1305343,4748,275,"CG02","Baloda Bazar"
"Chhattisgarh","Balrampur","Balrampur",730491,3806,190,"CG03","Balrampur"
"Chhattisgarh","Bastar","Jagdalpur",834873,4030,210,"CG04","Bastar"
"Chhattisgarh","Bemetara","Bemetara",795759,2855,270,"CG05","Bemetara"
"Chhattisgarh","Bijapur","Bijapur",229832,6562,35,"CG06","Bijapur"
"Chhattisgarh","Bilaspur","Bilaspur",1961922,3508,460,"CG07","Bilaspur"
"Chhattisgarh","Dantewada","Dantewada",533638,3411,59,"CG08","Dantewada"
"Chhattisgarh","Dhamtari","Dhamtari",799199,2029,394,"CG09","Dhamtari"
"Chhattisgarh","Durg","Durg",1721726,2238,770,"CG10","Durg"
"Chhattisgarh","Gariaband","Gariaband",597653,5823,103,"CG11","Gariyaband"
"Chhattisgarh","Gaurella-Pendra-Marwahi","Gaurella",336420,2307,150,"CG12","Gaurella-Pendra-Marwahi"
"Chhattisgarh","Janjgir-Champa","Naila Janjgir",1620632,3848,421,"CG13","Janjgir Champa"
"Chhattisgarh","Jashpur","Jashpur Nagar",852043,5825,146,"CG14","Jashpur"
"Chhattisgarh","Kabirdham","Kawardha",584667,4237,195,"CG15","Kabirdham"
"Chhattisgarh","Kanker","Kanker",748593,6513,115,"CG16","Kanker"
"Chhattisgarh","Kondagaon","Kondagaon",578326,7768,74,"CG17","Kondagaon"
"Chhattisgarh","Korba","Korba",1206563,6615,183,"CG18","Korba"
"Chhattisgarh","Koriya","Baikunthpur",659039,6578,100,"CG19","Korea"
"Chhattisgarh","Mahasamund","Mahasamund",1032275,4779,216,"CG20","Mahasamund"
"Chhattisgarh","Mungeli","Mungeli",701707,2750,255,"CG21","Mungeli"
"Chhattisgarh","Narayanpur","Narayanpur",140206,6640,20,"CG22","Narayanpur"
"Chhattisgarh","Raigarh","Raigarh",1493627,7068,211,"CG23","Raigarh"
"Chhattisgarh","Raipur","Raipur",2160876,2892,750,"CG24","Raipur"
"Chhattisgarh","Rajnandgaon","Rajnandgaon",1537520,8062,191,"CG25","Rajnandgaon"
"Chhattisgarh","Sukma","Sukma",250159,5897,42,"CG26","Sukma"
"Chhattisgarh","Surajpur","Surajpur",789043,2787,280,"CG27","Surajpur"
"Chhattisgarh","Surguja","Ambikapur",839661,3265,150,"CG28","Surguja"
"Goa","North Goa","Panaji",817761,1736,471,"GA01","North Goa"
"Goa","South Goa","Margao",639962,1966,326,"GA02","South Goa"
"Gujarat","Ahmedabad","Ahmedabad",7208200,8707,890,"GJ01","Ahmadabad"
"Gujarat","Amreli","Amreli",1513614,6760,205,"GJ02","Amreli"
"Gujarat","Anand","Anand",2090276,2942,711,"GJ03","Anand"
"Gujarat","Aravalli","Modasa",1051746,3217,327,"GJ04","Aravallis"
"Gujarat","Banaskantha","Palanpur",3116045,12703,290,"GJ05","Banas Kantha"
"Gujarat","Bharuch","Bharuch",1550822,6524,238,"GJ06","Bharuch"
"Gujarat","Bhavnagar","Bhavnagar",2877961,11155,288,"GJ07","Bhavnagar"
"Gujarat","Botad","Botad",656005,2564,256,"GJ08","Botad"
"Gujarat","Chhota Udepur","Chhota Udepur",1071831,3237,331,"GJ09","Chhotaudepur"
"Gujarat","Dahod","Dahod",2126558,3642,582,"GJ10","Dohad"
"Gujarat","Dang","Ahwa",226769,1764,129,"GJ11","The Dangs"
"Gujarat","Devbhoomi Dwarka","Khambhalia",752484,5684,132,"GJ12","Devbhumi Dwarka"
"Gujarat","Gandhinagar","Gandhinagar",1387478,649,660,"GJ13","Gandhinagar"
"Gujarat","Gir Somnath","Veraval",1217477,3754,324,"GJ14","Gir Somnath"
"Gujarat","Jamnagar","Jamnagar",2159130,14125,153,"GJ15","Jamnagar"
"Gujarat","Junagadh","Junagadh",2742291,8839,310,"GJ16","Junagadh"
"Gujarat","Kheda","Nadiad",2298934,4215,541,"GJ17","Kheda"
"Gujarat","Kutch","Bhuj",2090313,45652,46,"GJ18","Kachchh"
"Gujarat","Mahisagar","Lunavada",994624,2500,440,"GJ19","Mahisagar"
"Gujarat","Mehsana","Mehsana",2027727,4386,462,"GJ20","Mahesana"
"Gujarat","Morbi","Morbi",960329,4871,197,"GJ21","Morbi"
"Gujarat","Narmada","Rajpipla",590379,2749,214,"GJ22","Narmada"
"Gujarat","Navsari","Navsari",1330711,2211,602,"GJ23","Navsari"
"Gujarat","Panchmahal","Godhra",2388267,5219,458,"GJ24","Panch Mahals"
"Gujarat","Patan","Patan",1342746,5738,234,"GJ25","Patan"
"Gujarat","Porbandar","Porbandar",586062,2294,255,"GJ26","Porbandar"
"Gujarat","Rajkot","Rajkot",3157676,11203,282,"GJ27","Rajkot"
"Gujarat","Sabarkantha","Himatnagar",2427346,7390,328,"GJ28","Sabar Kantha"
"Gujarat","Surat","Surat",6081322,4418,953,"GJ29","Surat"
"Gujarat","Surendranagar","Surendranagar",1755873,10489,167,"GJ30","Surendranagar"
"Gujarat","Tapi","Vyara",806489,3435,249,"GJ31","Tapi"
"Gujarat","Vadodara","Vadodara",3639775,7794,467,"GJ32","Vadodara"
"Gujarat","Valsad","Valsad",1703068,3034,561,"GJ33","Valsad"
"Haryana","Ambala","Ambala",1136784,1569,722,"HR01","Ambala"
"Haryana","Bhiwani","Bhiwani",1629109,5140,341,"HR02","Bhiwani"
"Haryana","Charkhi Dadri","Charkhi Dadri",502276,1370,367,"HR03","Charkhi Dadri"
"Haryana","Faridabad","Faridabad",1798954,783,2298,"HR04","Faridabad"
"Haryana","Fatehabad","Fatehabad",941522,2538,371,"HR05","Fatehabad"
"Haryana","Gurgaon","Gurgaon",1514085,1258,1241,"HR06","Gurugram"
"Haryana","Hissar","Hissar",1742815,3788,438,"HR07","Hisar"
"Haryana","Jhajjar","Jhajjar",956907,1868,522,"HR08","Jhajjar"
"Haryana","Jind","Jind",1332042,2702,493,"HR09","Jind"
"Haryana","Kaithal","Kaithal",1072861,2799,467,"HR10","Kaithal"
"Haryana","Karnal","Karnal",1506323,2471,598,"HR11","Karnal"
"Haryana","Kurukshetra","Kurukshetra",964231,1530,630,"HR12","Kurukshetra"
"Haryana","Mahendragarh","Narnaul",921680,1900,485,"HR13","Mahendragarh"
"Haryana","Nuh","Nuh",1089406,1765,729,"HR14","Mewat"
"Haryana","Palwal","Palwal",1040493,1367,761,"HR15","Palwal"
"Haryana","Panchkula","Panchkula",558890,816,622,"HR16","Panchkula"
"Haryana","Panipat","Panipat",1202811,1250,949,"HR17","Panipat"
"Haryana","Rewari","Rewari",896129,1559,562,"HR18","Rewari"
"Haryana","Rohtak","Rohtak",1058683,1668,607,"HR19","Rohtak"
"Haryana","Sirsa","Sirsa",1295114,4276,303,"HR20","Sirsa"
"Haryana","Sonipat","Sonipat",1480080,2260,697,"HR21","Sonipat"
"Haryana","Yamuna Nagar","Yamuna Nagar",1214162,1756,687,"HR22","Yamunanagar"
"Himachal Pradesh","Bilaspur","Bilaspur",382056,1167,327,"HP01","Bilaspur"
"Himachal Pradesh","Chamba","Chamba",518844,6528,80,"HP02","Chamba"
"Himachal Pradesh","Hamirpur","Hamirpur",454293,1118,406,"HP03","Hamirpur"
"Himachal Pradesh","Kangra","Dharamshala",1507223,5739,263,"HP04","Kangra"
"Himachal Pradesh","Kinnaur","Reckong Peo",84298,6401,13,"HP05","Kinnaur"
"Himachal Pradesh","Kullu","Kullu",437474,5503,79,"HP06","Kullu"
"Himachal Pradesh","Lahaul and Spiti","Keylong",31528,13835,2,"HP07","Lahul And Spiti"
"Himachal Pradesh","Mandi","Mandi",999518,3950,253,"HP08","Mandi"
"Himachal Pradesh","Shimla","Shimla",813384,5131,159,"HP09","Shimla"
"Himachal Pradesh","Sirmaur","Nahan",530164,2825,188,"HP10","Sirmaur"
"Himachal Pradesh","Solan","Solan",576670,1936,298,"HP11","Solan"
"Himachal Pradesh","Una","Una",521057,1540,328,"HP12","Una"
"Jharkhand","Bokaro","Bokaro",2061918,2861,716,"JH01","Bokaro"
"Jharkhand","Chatra","Chatra",1042304,3700,275,"JH02","Chatra"
"Jharkhand","Deoghar","Deoghar",1491879,2479,602,"JH03","Deoghar"
"Jharkhand","Dhanbad","Dhanbad",2682662,2075,1284,"JH04","Dhanbad"
"Jharkhand","Dumka","Dumka",1321096,4404,300,"JH05","Dumka"
"Jharkhand","East Singhbhum","Jamshedpur",2291032,3533,648,"JH06","East Singhbhum"
"Jharkhand","Garhwa","Garhwa",1322387,4064,327,"JH07","Garhwa"
"Jharkhand","Giridih","Giridih",2445203,4887,497,"JH08","Giridih"
"Jharkhand","Godda","Godda",1311382,2110,622,"JH09","Godda"
"Jharkhand","Gumla","Gumla",1025656,5327,193,"JH10","Gumla"
"Jharkhand","Hazaribag","Hazaribag",1734005,4302,403,"JH11","Hazaribagh"
"Jharkhand","Jamtara","Jamtara",790207,1802,439,"JH12","Jamtara"
"Jharkhand","Khunti","Khunti",530299,2467,215,"JH13","Khunti"
"Jharkhand","Koderma","Koderma",717169,1312,427,"JH14","Koderma"
"Jharkhand","Latehar","Latehar",725673,3630,200,"JH15","Latehar"
"Jharkhand","Lohardaga","Lohardaga",461738,1494,310,"JH16","Lohardaga"
"Jharkhand","Pakur","Pakur",899200,1805,498,"JH17","Pakur"
"Jharkhand","Palamu","Daltonganj",1936319,5082,381,"JH18","Palamu"
"Jharkhand","Ramgarh","Ramgarh",949159,1212,684,"JH19","Ramgarh"
"Jharkhand","Ranchi","Ranchi",2912022,7974,557,"JH20","Ranchi"
"Jharkhand","Sahibganj","Sahebganj",1150038,1599,719,"JH21","Sahebganj"
"Jharkhand","Seraikela Kharsawan","Seraikela",1063458,2725,390,"JH22","Saraikela Kharsawan"
"Jharkhand","Simdega","Simdega",599813,3750,160,"JH23","Simdega"
"Jharkhand","West Singhbhum","Chaibasa",1501619,7186,209,"JH24","West Singhbhum"
"Karnataka","Bagalkot","Bagalkot",1890826,6583,288,"KA01","Bagalkote"
"Karnataka","Ballari","Ballari",1400970,4252,330,"KA02","Ballari"
"Karnataka","Belgaum","Belgaum",4778439,13415,356,"KA05","Belagavi"
"Karnataka","Bangalore Rural","Bangalore",987257,2239,441,"KA03","Bengaluru Rural"
"Karnataka","Bangalore Urban","Bangalore",9588910,2190,4378,"KA04","Bengaluru Urban"
"Karnataka","Bidar","Bidar",1700018,5448,312,"KA06","Bidar"
"Karnataka","Bijapur","Bijapur",2175102,10517,207,"KA07","Vijayapura"
"Karnataka","Chamarajanagara","Chamarajanagara",1020962,5102,200,"KA08","Chamarajanagara"
"Karnataka","Chikkaballapura","Chikkaballapura",1254377,4208,298,"KA09","Chikkaballapura"
"Karnataka","Chikmagalur","Chikmagalur",1137753,7201,158,"KA10","Chikkamagaluru"
"Karnataka","Chitradurga","Chitradurga",1660378,8437,197,"KA11","Chitradurga"
"Karnataka","Dakshina Kannada","Mangaluru",2083625,4559,457,"KA12","Dakshina Kannada"
"Karnataka","Davanagere","Davangere",1643494,4460,370,"KA13","Davanagere"
"Karnataka","Dharwad","Dharwad",1846993,4265,434,"KA14","Dharwad"
"Karnataka","Gadag","Gadag-Betageri",1065235,4651,229,"KA15","Gadag"
"Karnataka","Gulbarga","Gulbarga",2564892,10990,233,"KA16","Kalaburagi"
"Karnataka","Hassan","Hassan",1776221,6814,261,"KA17","Hassan"
"Karnataka","Haveri","Haveri",1598506,4825,331,"KA18","Haveri"
"Karnataka","Kodagu","Madikeri",554762,4102,135,"KA19","Kodagu"
"Karnataka","Kolar","Kolar",1540231,4012,384,"KA20","Kolar"
"Karnataka","Koppal","Koppal",1391292,5565,250,"KA21","Koppal"
"Karnataka","Mandya","Mandya",1808680,4961,365,"KA22","Mandya"
"Karnataka","Mysore","Mysore",2994744,6854,437,"KA23","Mysuru"
"Karnataka","Raichur","Raichur",1924773,6839,228,"KA24","Raichur"
"Karnataka","Ramanagara","Ramanagara",1082739,3573,303,"KA25","Ramanagara"
"Karnataka","Shimoga","Shimoga",1755512,8495,207,"KA26","Shivamogga"
"Karnataka","Tumakuru","Tumakuru",2681449,10598,253,"KA27","Tumakuru"
"Karnataka","Udupi","Udupi",1177908,3879,304,"KA28","Udupi"
"Karnataka","Uttara Kannada","Karwar",1353299,10291,132,"KA29","Uttara Kannada"
"Karnataka","Vijayanagara","Hospete",1353628,5644,240,"KA30","Vijayanagara"
"Karnataka","Yadgir","Yadgir",1172985,5225,224,"KA31","Yadgir"
"Kerala","Alappuzha","Alappuzha",2121943,1415,1501,"KL01","Alappuzha"
"Kerala","Ernakulam","Kakkanad",3279860,3063,1069,"KL02","Ernakulam"
"Kerala","Idukki","Painavu",1107453,4356,254,"KL03","Idukki"
"Kerala","Kannur","Kannur",2525637,2961,852,"KL04","Kannur"
"Kerala","Kasaragod","Kasaragod",1302600,1989,654,"KL05","Kasaragod"
"Kerala","Kollam","Kollam",2629703,2483,1056,"KL06","Kollam"
"Kerala","Kottayam","Kottayam",1979384,2206,896,"KL07","Kottayam"
"Kerala","Kozhikode","Kozhikode",3089543,2345,1318,"KL08","Kozhikode"
"Kerala","Malappuram","Malappuram",4110956,3554,1058,"KL09","Malappuram"
"Kerala","Palakkad","Palakkad",2810892,4482,627,"KL10","Palakkad"
"Kerala","Pathanamthitta","Pathanamthitta",1195537,2652,453,"KL11","Pathanamthitta"
"Kerala","Thrissur","Thrissur",3110327,3027,1026,"KL13","Thrissur"
"Kerala","Thiruvananthapuram","Thiruvananthapuram",3307284,2189,1509,"KL12","Thiruvananthapuram"
"Kerala","Wayanad","Kalpetta",816558,2130,383,"KL14","Wayanad"
"Madhya Pradesh","Agar Malwa","Agar",571275,2785,205,"MP01","Agar Malwa"
"Madhya Pradesh","Alirajpur","Alirajpur",728677,3182,229,"MP02","Alirajpur"
"Madhya Pradesh","Anuppur","Anuppur",749521,3747,200,"MP03","Anuppur"
"Madhya Pradesh","Ashok Nagar","Ashok Nagar",844979,4674,181,"MP04","Ashoknagar"
"Madhya Pradesh","Balaghat","Balaghat",1701156,9229,184,"MP05","Balaghat"
"Madhya Pradesh","Barwani","Barwani",1385659,5432,256,"MP06","Barwani"
"Madhya Pradesh","Betul","Betul",1575247,10043,157,"MP07","Betul"
"Madhya Pradesh","Bhind","Bhind",1703562,4459,382,"MP08","Bhind"
"Madhya Pradesh","Bhopal","Bhopal",2368145,2772,854,"MP09","Bhopal"
"Madhya Pradesh","Burhanpur","Burhanpur",756993,3427,221,"MP10","Burhanpur"
"Madhya Pradesh","Chachaura","Chachaura",370000,1850,200,"MP11","Chachaura"
"Madhya Pradesh","Chhatarpur","Chhatarpur",1762857,8687,203,"MP12","Chhatarpur"
"Madhya Pradesh","Chhindwara","Chhindwara",2090306,11815,177,"MP13","Chhindwara"
"Madhya Pradesh","Damoh","Damoh",1263703,7306,173,"MP14","Damoh"
"Madhya Pradesh","Datia","Datia",786375,2694,292,"MP15","Datia"
"Madhya Pradesh","Dewas","Dewas",1563107,7020,223,"MP16","Dewas"
"Madhya Pradesh","Dhar","Dhar",2184672,8153,268,"MP17","Dhar"
"Madhya Pradesh","Dindori","Dindori",704218,7427,94,"MP18","Dindori"
"Madhya Pradesh","Guna","Guna",1240938,6485,194,"MP19","Guna"
"Madhya Pradesh","Gwalior","Gwalior",2030543,5465,445,"MP20","Gwalior"
"Madhya Pradesh","Harda","Harda",570302,3339,171,"MP21","Harda"
"Madhya Pradesh","Hoshangabad","Hoshangabad",1240975,6698,185,"MP22","Hoshangabad"
"Madhya Pradesh","Indore","Indore",3272335,3898,839,"MP23","Indore"
"Madhya Pradesh","Jabalpur","Jabalpur",2460714,5210,472,"MP24","Jabalpur"
"Madhya Pradesh","Jhabua","Jhabua",1024091,6782,285,"MP25","Jhabua"
"Madhya Pradesh","Katni","Katni",1291684,4947,261,"MP26","Katni"
"Madhya Pradesh","Khandwa (East Nimar)","Khandwa",1309443,7349,178,"MP27","East Nimar"
"Madhya Pradesh","Khargone (West Nimar)","Khargone",1872413,8010,233,"MP28","Khargone"
"Madhya Pradesh","Maihar","Maihar",0,0,0,"MP29","Maihar"
"Madhya Pradesh","Mandla","Mandla",1053522,5805,182,"MP30","Mandla"
"Madhya Pradesh","Mandsaur","Mandsaur",1339832,5530,242,"MP31","Mandsaur"
"Madhya Pradesh","Morena","Morena",1965137,4991,394,"MP32","Morena"
"Madhya Pradesh","Narsinghpur","Narsinghpur",1092141,5133,213,"MP34","Narsinghpur"
"Madhya Pradesh","Nagda","Nagda",0,0,0,"MP33","Nagda"
"Madhya Pradesh","Neemuch","Neemuch",825958,4267,194,"MP35","Neemuch"
"Madhya Pradesh","Niwari","Niwari",404807,1170,345,"MP36","Niwari"
"Madhya Pradesh","Panna","Panna",1016028,7135,142,"MP37","Panna"
"Madhya Pradesh","Raisen","Raisen",1331699,8466,157,"MP38","Raisen"
"Madhya Pradesh","Rajgarh","Rajgarh",1546541,6143,251,"MP39","Rajgarh"
"Madhya Pradesh","Ratlam","Ratlam",1454483,4861,299,"MP40","Ratlam"
"Madhya Pradesh","Rewa","Rewa",2363744,6314,374,"MP41","Rewa"
"Madhya Pradesh","Sagar","Sagar",2378295,10252,272,"MP42","Sagar"
"Madhya Pradesh","Satna","Satna",2228619,7502,297,"MP43","Satna"
"Madhya Pradesh","Sehore","Sehore",1311008,6578,199,"MP44","Sehore"
"Madhya Pradesh","Seoni","Seoni",1378876,8758,157,"MP45","Seoni"
"Madhya Pradesh","Shahdol","Shahdol",1064989,6205,172,"MP46","Shahdol"
"Madhya Pradesh","Shajapur","Shajapur",1512353,6196,244,"MP47","Shajapur"
"Madhya Pradesh","Sheopur","Sheopur",687952,6585,104,"MP48","Sheopur"
"Madhya Pradesh","Shivpuri","Shivpuri",1725818,10290,168,"MP49","Shivpuri"
"Madhya Pradesh","Sidhi","Sidhi",1126515,10520,232,"MP50","Sidhi"
"Madhya Pradesh","Singrauli","Waidhan",1178132,5672,208,"MP51","Singrauli"
"Madhya Pradesh","Tikamgarh","Tikamgarh",1444920,5055,286,"MP52","Tikamgarh"
"Madhya Pradesh","Ujjain","Ujjain",1986864,6091,356,"MP53","Ujjain"
"Madhya Pradesh","Umaria","Umaria",643579,4062,158,"MP54","Umaria"
"Madhya Pradesh","Vidisha","Vidisha",1458212,7362,198,"MP55","Vidisha"
"Maharashtra","Ahmednagar","Ahmednagar",4543083,17048,266,"MH01","Ahmednagar"
"Maharashtra","Akola","Akola",1818617,5429,321,"MH02","Akola"
"Maharashtra","Amravati","Amravati",2887826,12235,237,"MH03","Amravati"
"Maharashtra","Aurangabad","Aurangabad",3695928,10107,365,"MH04","Aurangabad"
"Maharashtra","Beed","Beed",2585962,10693,242,"MH05","Beed"
"Maharashtra","Bhandara","Bhandara",1198810,3890,293,"MH06","Bhandara"
"Maharashtra","Buldhana","Buldhana",2588039,9661,268,"MH07","Buldhana"
"Maharashtra","Chandrapur","Chandrapur",2194262,11443,192,"MH08","Chandrapur"
"Maharashtra","Dhule","Dhule",2048781,8095,285,"MH09","Dhule"
"Maharashtra","Gadchiroli","Gadchiroli",1071795,14412,74,"MH10","Gadchiroli"
"Maharashtra","Gondia","Gondia",1322331,5431,253,"MH11","Gondia"
"Maharashtra","Hingoli","Hingoli",1178973,4526,244,"MH12","Hingoli"
"Maharashtra","Jalgaon","Jalgaon",4224442,11765,359,"MH13","Jalgaon"
"Maharashtra","Jalna","Jalna",1958483,7718,255,"MH14","Jalna"
"Maharashtra","Kolhapur","Kolhapur",3874015,7685,504,"MH15","Kolhapur"
"Maharashtra","Latur","Latur",2455543,7157,343,"MH16","Latur"
"Maharashtra","Mumbai City","Mumbai",3145966,157,20036,"MH17","Mumbai"
"Maharashtra","Mumbai suburban","Bandra (East)",9332481,446,21000,"MH18","Mumbai suburban"
"Maharashtra","Nanded","Nanded",3356566,10528,319,"MH20","Nanded"
"Maharashtra","Nandurbar","Nandurbar",1646177,5055,276,"MH21","Nandurbar"
"Maharashtra","Nagpur","Nagpur",4653171,9892,470,"MH19","Nagpur"
"Maharashtra","Nashik","Nashik",6109052,15539,393,"MH22","Nashik"
"Maharashtra","Osmanabad","Osmanabad",1660311,7569,219,"MH23","Osmanabad"
"Maharashtra","Palghar","Palghar",2990116,5344,560,"MH24","Palghar"
"Maharashtra","Parbhani","Parbhani",1835982,6511,295,"MH25","Parbhani"
"Maharashtra","Pune","Pune",9426959,15643,603,"MH26","Pune"
"Maharashtra","Raigad","Alibag",2635394,7152,368,"MH27","Raigad"
"Maharashtra","Ratnagiri","Ratnagiri",1612672,8208,196,"MH28","Ratnagiri"
"Maharashtra","Sangli","Sangli",2820575,8572,329,"MH29","Sangli"
"Maharashtra","Satara","Satara",3003922,10475,287,"MH30","Satara"
"Maharashtra","Sindhudurg","Oros",848868,5207,163,"MH31","Sindhudurg"
"Maharashtra","Solapur","Solapur",4315527,14895,290,"MH32","Solapur"
"Maharashtra","Thane","Thane",8070032,4214,1915,"MH33","Thane"
"Maharashtra","Wardha","Wardha",1296157,6309,205,"MH34","Wardha"
"Maharashtra","Washim","Washim",1196714,5155,244,"MH35","Washim"
"Maharashtra","Yavatmal","Yavatmal",2775457,13582,204,"MH36","Yavatmal"
"Manipur","Bishnupur","Bishnupur",240363,496,415,"MN01","Bishnupur"
"Manipur","Chandel","Chandel",144028,3317,37,"MN02","Chandel"
"Manipur","Churachandpur","Churachandpur",271274,4574,50,"MN03","Churachandpur"
"Manipur","Imphal East","Porompat",452661,710,555,"MN04","Imphal East"
"Manipur","Imphal West","Lamphelpat",514683,519,847,"MN05","Imphal West"
"Manipur","Jiribam","Jiribam",43818,232,190,"MN06","Jiribam"
"Manipur","Kakching","Kakching",135481,0,0,"MN07","Kakching"
"Manipur","Kamjong","Kamjong",45616,2000,23,"MN08","Kamjong"
"Manipur","Kangpokpi","Kangpokpi",193744,1698,0,"MN09","Kangpokpi"
"Manipur","Noney","Noney (Longmai)",0,0,0,"MN10","Noney"
"Manipur","Pherzawl","Pherzawl",47250,2285,21,"MN11","Pherzawl"
"Manipur","Senapati","Senapati",354772,3269,116,"MN12","Senapati"
"Manipur","Tamenglong","Tamenglong",140143,4391,25,"MN13","Tamenglong"
"Manipur","Tengnoupal","Tengnoupal",0,0,0,"MN14","Tengnoupal"
"Manipur","Thoubal","Thoubal",420517,514,713,"MN15","Thoubal"
"Manipur","Ukhrul","Ukhrul",183115,4547,31,"MN16","Ukhrul"
"Meghalaya","East Garo Hills","Williamnagar",317618,2603,121,"ML01","East Garo Hills"
"Meghalaya","East Khasi Hills","Shillong",824059,2752,292,"ML03","East Khasi Hills"
"Meghalaya","East Jaintia Hills","Khliehriat",122436,2115,58,"ML02","East Jaintia Hills"
"Meghalaya","North Garo Hills","Resubelpara",118325,1113,106,"ML04","North Garo Hills"
"Meghalaya","Ri Bhoi","Nongpoh",258380,2378,109,"ML05","Ribhoi"
"Meghalaya","South Garo Hills","Baghmara",142574,1850,77,"ML06","South Garo Hills"
"Meghalaya","South West Garo Hills","Ampati",172495,822,210,"ML07","South West Garo Hills"
"Meghalaya","South West Khasi Hills","Mawkyrwat",110152,1341,82,"ML08","South West Khasi Hills"
"Meghalaya","West Jaintia Hills","Jowai",270352,1693,160,"ML10","West Jaintia Hills"
"Meghalaya","West Garo Hills","Tura",642923,3714,173,"ML09","West Garo Hills"
"Meghalaya","West Khasi Hills","Nongstoin",385601,5247,73,"ML11","West Khasi Hills"
"Mizoram","Aizawl","Aizawl",404054,3577,113,"MZ01","Aizawl"
"Mizoram","Champhai","Champhai",125370,3168,39,"MZ02","Champhai"
"Mizoram","Hnahthial","Hnahthial",0,0,0,"MZ03","Hnahthial"
"Mizoram","Khawzawl","Khawzawl",0,0,0,"MZ04","Khawzawl"
"Mizoram","Kolasib","Kolasib",83054,1386,60,"MZ05","Kolasib"
"Mizoram","Lawngtlai","Lawngtlai",117444,2519,46,"MZ06","Lawngtlai"
"Mizoram","Lunglei","Lunglei",154094,4572,34,"MZ07","Lunglei"
"Mizoram","Mamit","Mamit",85757,2967,28,"MZ08","Mamit"
"Mizoram","Saiha","Saiha",56366,1414,40,"MZ09","Saiha"
"Mizoram","Saitual","Saitual",0,0,0,"MZ10","Saitual"
"Mizoram","Serchhip","Serchhip",64875,1424,46,"MZ11","Serchhip"
"Nagaland","Dimapur","Dimapur",379769,926,410,"NL01","Dimapur"
"Nagaland","Kiphire","Kiphire",74033,1255,66,"NL02","Kiphire"
"Nagaland","Kohima","Kohima",270063,1041,213,"NL03","Kohima"
"Nagaland","Longleng","Longleng",50593,885,89,"NL04","Longleng"
"Nagaland","Mokokchung","Mokokchung",193171,1615,120,"NL05","Mokokchung"
"Nagaland","Mon","Mon",259604,1786,145,"NL06","Mon"
"Nagaland","Noklak","Noklak",59300,1152,51,"NL07","Noklak"
"Nagaland","Peren","Peren",163294,2300,55,"NL08","Peren"
"Nagaland","Phek","Phek",163294,2026,81,"NL09","Phek"
"Nagaland","Tuensang","Tuensang",414801,4228,98,"NL10","Tuensang"
"Nagaland","Wokha","Wokha",166239,1628,120,"NL11","Wokha"
"Nagaland","Zunheboto","Zunheboto",141014,1255,112,"NL12","Zunheboto"
"Odisha","Angul","Angul",1271703,6232,199,"OR01","Anugul"
"Odisha","Boudh (Bauda)","Boudh",439917,3098,142,"OR06","Boudh"
"Odisha","Bhadrak","Bhadrak",1506522,2505,601,"OR05","Bhadrak"
"Odisha","Balangir","Balangir",1648574,6575,251,"OR02","Balangir"
"Odisha","Bargarh (Baragarh)","Bargarh",1478833,5837,253,"OR04","Bargarh"
"Odisha","Balasore","Balasore",2317419,3634,609,"OR03","Baleshwar"
"Odisha","Cuttack","Cuttack",2618708,3932,666,"OR07","Cuttack"
"Odisha","Debagarh (Deogarh)","Debagarh",312164,2781,106,"OR08","Deogarh"
"Odisha","Dhenkanal","Dhenkanal",1192948,4452,268,"OR09","Dhenkanal"
"Odisha","Ganjam","Chhatrapur",3520151,8070.6,429,"OR11","Ganjam"
"Odisha","Gajapati","Paralakhemundi",575880,3850,133,"OR10","Gajapati"
"Odisha","Jharsuguda","Jharsuguda",579499,2081,274,"OR14","Jharsuguda"
"Odisha","Jajpur","Panikoili",1826275,2888,630,"OR13","Jajapur"
"Odisha","Jagatsinghpur","Jagatsinghpur",1136604,1759,681,"OR12","Jagatsinghapur"
"Odisha","Khordha","Khordha",2246341,2887.5,799,"OR19","Khordha"
"Odisha","Kendujhar","Kendujhar",1802777,8240,217,"OR18","Kendujhar"
"Odisha","Kalahandi","Bhawanipatna",1573054,7920,199,"OR15","Kalahandi"
"Odisha","Kandhamal","Phulbani",731952,8021,91,"OR16","Kandhamal"
"Odisha","Koraput","Koraput",1376934,8807,156,"OR20","Koraput"
"Odisha","Kendrapara","Kendrapara",1439891,2644,545,"OR17","Kendrapara"
"Odisha","Malkangiri","Malkangiri",612727,5791,106,"OR21","Malkangiri"
"Odisha","Mayurbhanj","Baripada",2513895,10418,241,"OR22","Mayurbhanj"
"Odisha","Nabarangpur","Nabarangpur",1218762,5294,230,"OR23","Nabarangpur"
"Odisha","Nuapada","Nuapada",606490,3408,157,"OR25","Nuapada"
"Odisha","Nayagarh","Nayagarh",962215,3890,247,"OR24","Nayagarh"
"Odisha","Puri","Puri",1697983,3051,488,"OR26","Puri"
"Odisha","Rayagada","Rayagada",961959,7584.7,136,"OR27","Rayagada"
"Odisha","Sambalpur","Sambalpur",1044410,6702,158,"OR28","Sambalpur"
"Odisha","Subarnapur (Sonepur)","Subarnapur",652107,2284,279,"OR29","Sonepur"
"Odisha","Sundargarh","Sundergarh",2080664,9712,214,"OR30","Sundargarh"
"Punjab","Amritsar","Amritsar",2490891,2673,932,"PB01","Amritsar"
"Punjab","Barnala","Barnala",596294,1423,419,"PB02","Barnala"
"Punjab","Bathinda","Bathinda",1388859,3355,414,"PB03","Bathinda"
"Punjab","Firozpur","Firozpur",2026831,5334,380,"PB07","Firozepur"
"Punjab","Faridkot","Faridkot",618008,1472,424,"PB04","Faridkot"
"Punjab","Fatehgarh Sahib","Fatehgarh Sahib",599814,1180,508,"PB05","Fatehgarh Sahib"
"Punjab","Fazilka","Fazilka",1180483,3113,379,"PB06","Fazilka"
"Punjab","Gurdaspur","Gurdaspur",2299026,3542,649,"PB08","Gurdaspur"
"Punjab","Hoshiarpur","Hoshiarpur",1582793,3397,466,"PB09","Hoshiarpur"
"Punjab","Jalandhar","Jalandhar",2181753,2625,831,"PB10","Jalandhar"
"Punjab","Kapurthala","Kapurthala",817668,1646,501,"PB11","Kapurthala"
"Punjab","Ludhiana","Ludhiana",3487882,3744,975,"PB12","Ludhiana"
"Punjab","Malerkotla","Malerkotla",0,0,0,"PB13","Malerkotla"
"Punjab","Mansa","Mansa",768808,2174,350,"PB14","Mansa"
"Punjab","Moga","Moga",992289,2235,444,"PB15","Moga"
"Punjab","Sri Muktsar Sahib","Sri Muktsar Sahib",902702,2596,348,"PB22","Sri Muktsar Sahib"
"Punjab","Pathankot","Pathankot",626154,929,674,"PB16","Pathankot"
"Punjab","Patiala","Patiala",2892282,3175,596,"PB17","Patiala"
"Punjab","Rupnagar","Rupnagar",683349,1400,488,"PB18","Rupnagar"
"Punjab","Sahibzada Ajit Singh Nagar","Mohali",986147,1188,830,"PB19","Sas Nagar"
"Punjab","Sangrur","Sangrur",1654408,3685,449,"PB20","Sangrur"
"Punjab","Shahid Bhagat Singh Nagar","Nawanshahr",614362,1283,479,"PB21","Shahid Bhagat Singh Nagar"
"Punjab","Tarn Taran","Tarn Taran Sahib",1120070,2414,464,"PB23","Tarn Taran"
"Rajasthan","Ajmer","Ajmer",2584913,8481,305,"RJ01","Ajmer"
"Rajasthan","Alwar","Alwar",3671999,8380,438,"RJ02","Alwar"
"Rajasthan","Bikaner","Bikaner",2367745,27244,78,"RJ08","Bikaner"
"Rajasthan","Barmer","Barmer",2604453,28387,92,"RJ05","Barmer"
"Rajasthan","Banswara","Banswara",1798194,5037,399,"RJ03","Banswara"
"Rajasthan","Bharatpur","Bharatpur",2549121,5066,503,"RJ06","Bharatpur"
"Rajasthan","Baran","Baran",1223921,6955,175,"RJ04","Baran"
"Rajasthan","Bundi","Bundi",1113725,5550,193,"RJ09","Bundi"
"Rajasthan","Bhilwara","Bhilwara",2410459,10455,230,"RJ07","Bhilwara"
"Rajasthan","Churu","Churu",2041172,16830,148,"RJ11","Churu"
"Rajasthan","Chittorgarh","Chittorgarh",1544392,10856,193,"RJ10","Chittorgarh"
"Rajasthan","Dausa","Dausa",1637226,3429,476,"RJ12","Dausa"
"Rajasthan","Dholpur","Dholpur",1207293,3084,398,"RJ13","Dholpur"
"Rajasthan","Dungarpur","Dungarpur",1388906,3771,368,"RJ14","Dungarpur"
"Rajasthan","Sri Ganganagar","Sri Ganganagar",1969520,10990,179,"RJ31","Ganganagar"
"Rajasthan","Hanumangarh","Hanumangarh",1779650,9670,184,"RJ15","Hanumangarh"
"Rajasthan","Jhunjhunu","Jhunjhunu",2139658,5928,361,"RJ20","Jhunjhunu"
"Rajasthan","Jalore","Jalore",1830151,10640,172,"RJ18","Jalore"
"Rajasthan","Jodhpur","Jodhpur",3685681,22850,161,"RJ21","Jodhpur"
"Rajasthan","Jaipur","Jaipur",6663971,11152,598,"RJ16","Jaipur"
"Rajasthan","Jaisalmer","Jaisalmer",672008,38401,17,"RJ17","Jaisalmer"
"Rajasthan","Jhalawar","Jhalawar",1411327,6219,227,"RJ19","Jhalawar"
"Rajasthan","Karauli","Karauli",1458459,5530,264,"RJ22","Karauli"
"Rajasthan","Kota","Kota",1950491,5446,374,"RJ23","Kota"
"Rajasthan","Nagaur","Nagaur",3309234,17718,187,"RJ24","Nagaur"
"Rajasthan","Pali","Pali",2038533,12387,165,"RJ25","Pali"
"Rajasthan","Pratapgarh","Pratapgarh",867848,4112,211,"RJ26","Pratapgarh"
"Rajasthan","Rajsamand","Rajsamand",1158283,3853,302,"RJ27","Rajsamand"
"Rajasthan","Sikar","Sikar",2677737,7732,346,"RJ29","Sikar"
"Rajasthan","Sawai Madhopur","Sawai Madhopur",1338114,4500,257,"RJ28","Sawai Madhopur"
"Rajasthan","Sirohi","Sirohi",1037185,5136,202,"RJ30","Sirohi"
"Rajasthan","Tonk","Tonk",1421711,7194,198,"RJ32","Tonk"
"Rajasthan","Udaipur","Udaipur",3067549,13430,242,"RJ33","Udaipur"
"Sikkim","East Sikkim","Gangtok",281293,954,295,"SK01","East"
"Sikkim","North Sikkim","Mangan",43354,4226,10,"SK02","North"
"Sikkim","South Sikkim","Namchi",146742,750,196,"SK03","South"
"Sikkim","West Sikkim","Gyalshing",136299,1166,117,"SK04","West"
"Tamil Nadu","Ariyalur","Ariyalur",752481,3208,387,"TN01","Ariyalur"
"Tamil Nadu","Chengalpattu","Chengalpattu",2556244,2945,868,"TN02","Chengalpattu"
"Tamil Nadu","Chennai","Chennai",7139882,426,17000,"TN03","Chennai"
"Tamil Nadu","Coimbatore","Coimbatore",3472578,4723,748,"TN04","Coimbatore"
"Tamil Nadu","Cuddalore","Cuddalore",2600880,3999,702,"TN05","Cuddalore"
"Tamil Nadu","Dharmapuri","Dharmapuri",1502900,4532,332,"TN06","Dharmapuri"
"Tamil Nadu","Dindigul","Dindigul",2161367,6058,357,"TN07","Dindigul"
"Tamil Nadu","Erode","Erode",2259608,5714,397,"TN08","Erode"
"Tamil Nadu","Kallakurichi","Kallakurichi",1682687,3520,478,"TN09","Kallakkurichi"
"Tamil Nadu","Kanchipuram","Kanchipuram",1166401,1656,704,"TN10","Kancheepuram"
"Tamil Nadu","Kanyakumari","Nagercoil",1863178,1685,1106,"TN11","Kanniyakumari"
"Tamil Nadu","Karur","Karur",1076588,2901,371,"TN12","Karur"
"Tamil Nadu","Krishnagiri","Krishnagiri",1883731,5086,370,"TN13","Krishnagiri"
"Tamil Nadu","Madurai","Madurai",3191038,3676,823,"TN14","Madurai"
"Tamil Nadu","Mayiladuthurai","Mayiladuthurai",918356,1172,784,"TN15","Mayiladuthurai"
"Tamil Nadu","Nagapattinam","Nagapattinam",1614069,2716,668,"TN16","Nagapattinam"
"Tamil Nadu","Nilgiris","Ooty",735071,2549,288,"TN18","The Nilgiris"
"Tamil Nadu","Namakkal","Namakkal",1721179,3429,506,"TN17","Namakkal"
"Tamil Nadu","Perambalur","Perambalur",564511,1752,323,"TN19","Perambalur"
"Tamil Nadu","Pudukkottai","Pudukkottai",1918725,4651,348,"TN20","Pudukkottai"
"Tamil Nadu","Ramanathapuram","Ramanathapuram",1337560,4123,320,"TN21","Ramanathapuram"
"Tamil Nadu","Ranipet","Ranipet",1210277,2234,524,"TN22","Ranipet"
"Tamil Nadu","Salem","Salem",3480008,5245,663,"TN23","Salem"
"Tamil Nadu","Sivaganga","Sivaganga",1341250,4086,324,"TN24","Sivaganga"
"Tamil Nadu","Tenkasi","Tenkasi",1407627,2916,483,"TN25","Tenkasi"
"Tamil Nadu","Tiruppur","Tiruppur",2471222,5106,476,"TN32","Tiruppur"
"Tamil Nadu","Tiruchirappalli","Tiruchirappalli",2713858,4407,602,"TN29","Tiruchirappalli"
"Tamil Nadu","Theni","Theni",1243684,3066,433,"TN27","Theni"
"Tamil Nadu","Tirunelveli","Tirunelveli",1665253,3842,433,"TN30","Tirunelveli"
"Tamil Nadu","Thanjavur","Thanjavur",2402781,3397,691,"TN26","Thanjavur"
"Tamil Nadu","Thoothukudi","Thoothukudi",1738376,4594,378,"TN28","Thoothukkudi"
"Tamil Nadu","Tirupattur","Tirupattur",1111812,1798,618,"TN31","Tirupathur"
"Tamil Nadu","Tiruvallur","Tiruvallur",3725697,3424,1049,"TN33","Thiruvallur"
"Tamil Nadu","Tiruvarur","Thiruvarur",1268094,2377,533,"TN35","Thiruvarur"
"Tamil Nadu","Tiruvannamalai","Tiruvannaamalai",2468965,6191,399,"TN34","Tiruvannamalai"
"Tamil Nadu","Vellore","Vellore",1614242,2080,776,"TN36","Vellore"
"Tamil Nadu","Viluppuram","Viluppuram",2093003,3725,562,"TN37","Viluppuram"
"Tamil Nadu","Virudhunagar","Virudhunagar",1943309,3446,454,"TN38","Virudhunagar"
"Telangana","Adilabad","Adilabad",708952,4185.97,171,"TG01","Adilabad"
"Telangana","Komaram Bheem","Asifabad",515835,4300.16,106,"TG11","Kumuram Bheem Asifabad"
"Telangana","Bhadradri Kothagudem","Kothagudem",1304811,8951,143,"TG02","Bhadradri Kothagudem"
"Telangana","Hyderabad","Hyderabad",3943323,217,18172,"TG03","Hyderabad"
"Telangana","Jagtial","Jagtial",983414,3043.23,407,"TG04","Jagtial"
"Telangana","Jangaon","Jangaon",582457,2187.5,259,"TG05","Jangaon"
"Telangana","Jayashankar Bhupalpally","Bhupalpally",712257,6361.7,115,"TG06","Jaya Shankar Bhalupally"
"Telangana","Jogulamba Gadwal","Gadwal",664971,2928,208,"TG07","Jogulamba Gadwal"
"Telangana","Kamareddy","Kamareddy",972625,3651,266,"TG08","Kamareddy"
"Telangana","Karimnagar","Karimnagar",1016063,2379.07,473,"TG09","Karimnagar"
"Telangana","Khammam","Khammam",1401639,4453,321,"TG10","Khammam"
"Telangana","Mahabubabad","Mahabubabad",770170,2876.7,269,"TG12","Mahabubabad"
"Telangana","Mahbubnagar","Mahbubnagar",1318110,4037,281,"TG13","Mahbubnagar"
"Telangana","Mancherial","Mancherial",807037,4056.36,201,"TG14","Mancherial"
"Telangana","Medak","Medak",767428,2740.89,275,"TG15","Medak"
"Telangana","Medchal–Malkajgiri","Shamirpet",2542203,5005.98,2251,"TG16","Medchal Malkajgiri"
"Telangana","Mulugu","Mulugu",294671,3881,124,"TG17","Mulugu"
"Telangana","Nalgonda","Nalgonda",1631399,2449.79,227,"TG19","Nalgonda"
"Telangana","Narayanpet","Narayanpet",566874,2336.44,243,"TG20","Narayanpet"
"Telangana","Nagarkurnool","Nagarkurnool",893308,6545,124,"TG18","Nagarkurnool"
"Telangana","Nirmal","Nirmal",709415,3562.51,185,"TG21","Nirmal"
"Telangana","Nizamabad","Nizamabad",1534428,4153,366,"TG22","Nizamabad"
"Telangana","Peddapalli","Peddapalli",795332,4614.74,356,"TG23","Peddapalle"
"Telangana","Rajanna Sircilla","Sircilla",546121,2030.89,273,"TG24","Rajanna Sircilla"
"Telangana","Ranga Reddy","Shamshabad",2551731,1038,486,"TG25","Rangareddy"
"Telangana","Sangareddy","Sangareddy",1527628,4464.87,347,"TG26","Sangareddy"
"Telangana","Siddipet","Siddipet",993376,3425.19,279,"TG27","Siddipet"
"Telangana","Suryapet","Suryapet",1099560,3374.47,305,"TG28","Suryapet"
"Telangana","Vikarabad","Vikarabad",881250,3385,274,"TG29","Vikarabad"
"Telangana","Wanaparthy","Wanaparthy",751553,2938,268,"TG30","Wanaparthy"
"Telangana","Warangal Urban","Warangal",1135707,1304.5,826,"TG32","Warangal Urban"
"Telangana","Warangal Rural","Warangal",716457,2175.5,330,"TG31","Warangal Rural"
"Telangana","Yadadri Bhuvanagiri","Bhongir",726465,3091.48,239,"TG33","Yadadri Bhuvanagiri"
"Tripura","Dhalai","Ambassa",377988,2400,157,"TR01","Dhalai"
"Tripura","Gomati","Udaipur, Tripura",436868,1522.8,287,"TR02","Gomati"
"Tripura","Khowai","Khowai",327391,1005.67,326,"TR03","Khowai"
"Tripura","North Tripura","Dharmanagar",415946,1444.5,288,"TR04","North Tripura"
"Tripura","Sepahijala","Bishramganj",484233,1044.78,463,"TR05","Sepahijala"
"Tripura","South Tripura","Belonia",433737,1534.2,283,"TR06","South Tripura"
"Tripura","Unokoti","Kailashahar",277335,591.93,469,"TR07","Unakoti"
"Tripura","West Tripura","Agartala",917534,942.55,973,"TR08","West Tripura"
"Uttar Pradesh","Agra","Agra",4380793,4027,1084,"UP01","Agra"
"Uttar Pradesh","Aligarh","Aligarh",3673849,3747,1007,"UP02","Aligarh"
"Uttar Pradesh","Allahabad","Allahabad",5959798,5481,1087,"UP03","Prayagraj"
"Uttar Pradesh","Ambedkar Nagar","Akbarpur",2398709,2372,1021,"UP04","Ambedkar Nagar"
"Uttar Pradesh","Amethi","Gauriganj",2549935,3063,830,"UP05","Amethi"
"Uttar Pradesh","Amroha","Amroha",1838771,2321,818,"UP06","Amroha"
"Uttar Pradesh","Auraiya","Auraiya",1372287,2051,681,"UP07","Auraiya"
"Uttar Pradesh","Azamgarh","Azamgarh",4616509,4053,1139,"UP08","Azamgarh"
"Uttar Pradesh","Bagpat","Baghpat",1302156,1345,986,"UP09","Baghpat"
"Uttar Pradesh","Bahraich","Bahraich",2384239,4926,415,"UP10","Bahraich"
"Uttar Pradesh","Ballia","Ballia",3223642,2981,1081,"UP11","Ballia"
"Uttar Pradesh","Balrampur","Balrampur",2149066,3349,642,"UP12","Balrampur"
"Uttar Pradesh","Banda","Banda",1799541,4413,404,"UP13","Banda"
"Uttar Pradesh","Barabanki","Barabanki",3257983,3825,739,"UP14","Bara Banki"
"Uttar Pradesh","Bareilly","Bareilly",4465344,4120,1084,"UP15","Bareilly"
"Uttar Pradesh","Basti","Basti",2461056,2687,916,"UP16","Basti"
"Uttar Pradesh","Bhadohi","Gyanpur",1554203,960,1531,"UP17","Bhadohi"
"Uttar Pradesh","Bijnor","Bijnor",3683896,4561,808,"UP18","Bijnor"
"Uttar Pradesh","Budaun","Budaun",3712738,5168,718,"UP19","Budaun"
"Uttar Pradesh","Bulandshahr","Bulandshahr",3498507,3719,788,"UP20","Bulandshahr"
"Uttar Pradesh","Chandauli","Chandauli",1952713,2554,768,"UP21","Chandauli"
"Uttar Pradesh","Chitrakoot","Karwi",990626,3202,315,"UP22","Chitrakoot"
"Uttar Pradesh","Deoria","Deoria",3098637,2535,1220,"UP23","Deoria"
"Uttar Pradesh","Etah","Etah",1761152,2456,717,"UP24","Etah"
"Uttar Pradesh","Etawah","Etawah",1579160,2287,683,"UP25","Etawah"
"Uttar Pradesh","Faizabad","Faizabad",2468371,2765,1054,"UP26","Ayodhya"
"Uttar Pradesh","Farrukhabad","Fatehgarh",1887577,2279,865,"UP27","Farrukhabad"
"Uttar Pradesh","Fatehpur","Fatehpur",2632684,4152,634,"UP28","Fatehpur"
"Uttar Pradesh","Firozabad","Firozabad",2496761,2361,1044,"UP29","Firozabad"
"Uttar Pradesh","Gautam Buddh Nagar","Noida",1674714,1269,1252,"UP30","Gautam Buddha Nagar"
"Uttar Pradesh","Ghaziabad","Ghaziabad",4661452,1175,3967,"UP31","Ghaziabad"
"Uttar Pradesh","Ghazipur","Ghazipur",3622727,3377,1072,"UP32","Ghazipur"
"Uttar Pradesh","Gonda","Gonda",3431386,4425,857,"UP33","Gonda"
"Uttar Pradesh","Gorakhpur","Gorakhpur",4436275,3325,1336,"UP34","Gorakhpur"
"Uttar Pradesh","Hamirpur","Hamirpur",1104021,4325,268,"UP35","Hamirpur"
"Uttar Pradesh","Hapur","Hapur",1338211,660,2028,"UP36","Hapur"
"Uttar Pradesh","Hardoi","Hardoi",4091380,5986,683,"UP37","Hardoi"
"Uttar Pradesh","Hathras","Hathras",1565678,1752,851,"UP38","Hathras"
"Uttar Pradesh","Jalaun","Orai",1670718,4565,366,"UP39","Jalaun"
"Uttar Pradesh","Jaunpur","Jaunpur",4476072,4038,1108,"UP40","Jaunpur"
"Uttar Pradesh","Jhansi","Jhansi",2000755,5024,398,"UP41","Jhansi"
"Uttar Pradesh","Kannauj","Kannauj",1658005,1993,792,"UP42","Kannauj"
"Uttar Pradesh","Kanpur Dehat","Akbarpur",1795092,3021,594,"UP43","Kanpur Dehat"
"Uttar Pradesh","Kanpur Nagar","Kanpur",4572951,3156,1415,"UP44","Kanpur Nagar"
"Uttar Pradesh","Kasganj","Kasganj",1438156,1955,736,"UP45","Kasganj"
"Uttar Pradesh","Kaushambi","Manjhanpur",1596909,1837,897,"UP46","Kaushambi"
"Uttar Pradesh","Kushinagar","Padrauna",3560830,2909,1226,"UP47","Kushinagar"
"Uttar Pradesh","Lakhimpur Kheri","Lakhimpur",4013634,7674,523,"UP48","Kheri"
"Uttar Pradesh","Lalitpur","Lalitpur",1218002,5039,242,"UP49","Lalitpur"
"Uttar Pradesh","Lucknow","Lucknow",4588455,2528,1815,"UP50","Lucknow"
"Uttar Pradesh","Maharajganj","Maharajganj",2665292,2953,903,"UP51","Maharajganj"
"Uttar Pradesh","Mahoba","Mahoba",876055,2847,288,"UP52","Mahoba"
"Uttar Pradesh","Mainpuri","Mainpuri",1847194,2760,670,"UP53","Mainpuri"
"Uttar Pradesh","Mathura","Mathura",2541894,3333,761,"UP54","Mathura"
"Uttar Pradesh","Mau","Mau",2205170,1713,1287,"UP55","Mau"
"Uttar Pradesh","Meerut","Meerut",3447405,2522,1342,"UP56","Meerut"
"Uttar Pradesh","Mirzapur","Mirzapur",2494533,4522,561,"UP57","Mirzapur"
"Uttar Pradesh","Moradabad","Moradabad",4773138,3718,1284,"UP58","Moradabad"
"Uttar Pradesh","Muzaffarnagar","Muzaffarnagar",4138605,4008,1033,"UP59","Muzaffarnagar"
"Uttar Pradesh","Pilibhit","Pilibhit",2037225,3499,567,"UP60","Pilibhit"
"Uttar Pradesh","Pratapgarh","Pratapgarh",3173752,3717,854,"UP61","Pratapgarh"
"Uttar Pradesh","Raebareli","Raebareli",3404004,4609,739,"UP62","Rae Bareli"
"Uttar Pradesh","Rampur","Rampur",2335398,2367,987,"UP63","Rampur"
"Uttar Pradesh","Saharanpur","Saharanpur",3464228,3689,939,"UP64","Saharanpur"
"Uttar Pradesh","Sambhal","Sambhal",2217020,2453,890,"UP65","Sambhal"
"Uttar Pradesh","Sant Kabir Nagar","Khalilabad",1714300,1442,1014,"UP66","Sant Kabeer Nagar"
"Uttar Pradesh","Shahjahanpur","Shahjahanpur",3002376,4575,673,"UP67","Shahjahanpur"
"Uttar Pradesh","Shamli","Shamli",1274815,1063,1200,"UP68","Shamli"
"Uttar Pradesh","Shravasti","Shravasti",1114615,1948,572,"UP69","Shravasti"
"Uttar Pradesh","Siddharthnagar","Naugarh",2553526,2751,882,"UP70","Siddharthnagar"
"Uttar Pradesh","Sitapur","Sitapur",4474446,5743,779,"UP71","Sitapur"
"Uttar Pradesh","Sonbhadra","Robertsganj",1862612,6788,274,"UP72","Sonbhadra"
"Uttar Pradesh","Sultanpur","Sultanpur",3790922,4436,855,"UP73","Sultanpur"
"Uttar Pradesh","Unnao","Unnao",3110595,4561,682,"UP74","Unnao"
"Uttar Pradesh","Varanasi","Varanasi",3682194,1535,2399,"UP75","Varanasi"
"Uttarakhand","Almora","Almora",621927,3090,198,"UK01","Almora"
"Uttarakhand","Bageshwar","Bageshwar",259840,2310,116,"UK02","Bageshwar"
"Uttarakhand","Chamoli","Gopeshwar",391114,7692,49,"UK03","Chamoli"
"Uttarakhand","Champawat","Champawat",259315,1781,147,"UK04","Champawat"
"Uttarakhand","Dehradun","Dehradun",1698560,3088,550,"UK05","Dehradun"
"Uttarakhand","Haridwar","Haridwar",1927029,2360,817,"UK06","Haridwar"
"Uttarakhand","Nainital","Nainital",955128,3853,225,"UK07","Nainital"
"Uttarakhand","Pauri Garhwal","Pauri",686527,5438,129,"UK08","Pauri Garhwal"
"Uttarakhand","Pithoragarh","Pithoragarh",485993,7110,69,"UK09","Pithoragarh"
"Uttarakhand","Rudraprayag","Rudraprayag",236857,1896,119,"UK10","Rudraprayag"
"Uttarakhand","Tehri Garhwal","New Tehri",616409,4085,169,"UK11","Tehri Garhwal"
"Uttarakhand","Udham Singh Nagar","Rudrapur",1648367,2912,648,"UK12","Udham Singh Nagar"
"Uttarakhand","Uttarkashi","Uttarkashi",329686,7951,41,"UK13","Uttarkashi"
"West Bengal","Alipurduar","Alipurduar",1501983,3136,479,"WB01","Alipurduar"
"West Bengal","Bankura","Bankura",3596292,6882,523,"WB02","Bankura"
"West Bengal","Paschim Bardhaman","Asansol",2882031,1603,1798,"WB17","Paschim Bardhaman"
"West Bengal","Purba Bardhaman","Bardhaman",4835532,5433,890,"WB19","Purba Bardhaman"
"West Bengal","Birbhum","Suri",3502387,4545,771,"WB03","Birbhum"
"West Bengal","Cooch Behar","Cooch Behar",2822780,3387,833,"WB04","Koch Bihar"
"West Bengal","Dakshin Dinajpur","Balurghat",1670931,2183,753,"WB05","Dakshin Dinajpur"
"West Bengal","Darjeeling","Darjeeling",1595181,2093,762,"WB06","Darjiling"
"West Bengal","Hooghly","Chinsurah",5520389,3149,1753,"WB07","Hooghly"
"West Bengal","Howrah","Howrah",4841638,1467,3300,"WB08","Howrah"
"West Bengal","Jalpaiguri","Jalpaiguri",3869675,6227,621,"WB09","Jalpaiguri"
"West Bengal","Jhargram","Jhargram",1136548,3038,374,"WB10","Jhargram"
"West Bengal","Kalimpong","Kalimpong",251642,1054,239,"WB11","Kalimpong"
"West Bengal","Kolkata","Kolkata",4486679,206.08,24252,"WB12","Kolkata"
"West Bengal","Maldah","English Bazar",3997970,3733,1071,"WB13","Maldah"
"West Bengal","Murshidabad","Baharampur",7102430,5324,1334,"WB14","Murshidabad"
"West Bengal","Nadia","Krishnanagar",5168488,3927,1316,"WB15","Nadia"
"West Bengal","North 24 Parganas","Barasat",10082852,4094,2463,"WB16","North Twenty Four Parganas"
"West Bengal","Paschim Medinipur","Midnapore",4776909,6308,757,"WB18","Paschim Medinipur"
"West Bengal","Purba Medinipur","Tamluk",5095875,4736,1076,"WB20","Purba Medinipur"
"West Bengal","Purulia","Purulia",2927965,6259,468,"WB21","Purulia"
"West Bengal","South 24 Parganas","Alipore",8161961,9960,819,"WB22","South Twenty Four Parganas"
"West Bengal","Uttar Dinajpur","Raiganj",3000849,3180,956,"WB23","Uttar Dinajpur"
"Andaman & Nicobar Islands","Nicobar","Car Nicobar",36842,1841,20,"AN01","Nicobars"
"Andaman & Nicobar Islands","North and Middle Andaman","Mayabunder",105597,3736,28,"AN02","North and Middle Andaman"
"Andaman & Nicobar Islands","South Andaman","Port Blair",238142,2672,89,"AN03","South Andaman"
"Chandigarh","Chandigarh","Chandigarh",1055450,114,9258,"CH01","Chandigarh"
"Dadra & Nagar Haveli and Daman & Diu","Daman","Daman",191173,72,2651,"DD02","Daman"
"Dadra & Nagar Haveli and Daman & Diu","Diu","Diu",52074,39,2058,"DD03","Diu"
"Dadra & Nagar Haveli and Daman & Diu","Dadra and Nagar Haveli","Silvassa",343709,491,700,"DD01","Dadra and Nagar Haveli"
"Jammu & Kashmir","Anantnag","Anantnag",1070144,2853,375,"JK01","Anantnag"
"Jammu & Kashmir","Budgam","Budgam",735753,1406,537,"JK04","Budgam"
"Jammu & Kashmir","Bandipora","Bandipore",385099,3010,128,"JK02","Bandipore"
"Jammu & Kashmir","Baramulla","Baramulla",1015503,3329,305,"JK03","Baramulla"
"Jammu & Kashmir","Doda","Doda",409576,2625,79,"JK05","Doda"
"Jammu & Kashmir","Ganderbal","Ganderbal",297003,1979,1151,"JK06","Ganderbal"
"Jammu & Kashmir","Jammu","Jammu",1526406,3097,596,"JK07","Jammu"
"Jammu & Kashmir","Kathua","Kathua",615711,2651,232,"JK08","Kathua"
"Jammu & Kashmir","Kishtwar","Kishtwar",230696,7737,30,"JK09","Kishtwar"
"Jammu & Kashmir","Kulgam","Kulgam",422786,457,925,"JK10","Kulgam"
"Jammu & Kashmir","Kupwara","Kupwara",875564,2379,368,"JK11","Kupwara"
"Jammu & Kashmir","Poonch","Poonch",476820,1674,285,"JK12","Poonch"
"Jammu & Kashmir","Pulwama","Pulwama",570060,1398,598,"JK13","Pulwama"
"Jammu & Kashmir","Rajouri","Rajouri",619266,2630,235,"JK14","Rajouri"
"Jammu & Kashmir","Ramban","Ramban",283313,1330,213,"JK15","Ramban"
"Jammu & Kashmir","Reasi","Reasi",314714,1710,184,"JK16","Reasi"
"Jammu & Kashmir","Samba","Samba",318611,913,318,"JK17","Samba"
"Jammu & Kashmir","Shopian","Shopian",265960,312,852,"JK18","Shopian"
"Jammu & Kashmir","Srinagar","Srinagar",1269751,2228,703,"JK19","Srinagar"
"Jammu & Kashmir","Udhampur","Udhampur",555357,4550,211,"JK20","Udhampur"
"Ladakh","Kargil","Kargil",143388,14036,10,"LA01","Kargil"
"Ladakh","Leh","Leh",133487,45110,3,"LA02","Leh Ladakh"
"Lakshadweep","Lakshadweep","Kavaratti",64473,30,2149,"LD01","Lakshadweep"
"Delhi","Central Delhi","Daryaganj",582320,25,27730,"DL01","Central"
"Delhi","East Delhi","Preet Vihar",1709346,440,27132,"DL02","East"
"Delhi","New Delhi","Connaught Place",142004,22,4057,"DL03","New Delhi"
"Delhi","North Delhi","Sadar Bazaar",887978,59,14557,"DL04","North"
"Delhi","North East Delhi","Seelampur",2241624,52,36155,"DL05","North East"
"Delhi","North West Delhi","Kanjhawala",3656539,130,8254,"DL06","North West"
"Delhi","Shahdara","Shahdara",0,59.75,0,"DL07","Shahdara"
"Delhi","South Delhi","Saket",2731929,250,11060,"DL08","South"
"Delhi","South East Delhi","Defence Colony",0,333.855,0,"DL09","South East Delhi"
"Delhi","South West Delhi","Vasant Vihar",2292958,395,5446,"DL10","South West"
"Delhi","West Delhi","Rajouri Garden",2543243,112,19563,"DL11","West"
"Puducherry","Karaikal","Karaikal",200222,157,1275,"PY01","Karaikal"
"Puducherry","Mahé","Mahé",41816,9,4646,"PY02","Mahe"
"Puducherry","Puducherry","Pondicherry",950289,293,3232,"PY03","Puducherry"
"Puducherry","Yanam","Yanam",55626,30,1854,"PY04","Yanam"
